Notes,Level,Song name
"2221",BYD 12,Testify
"2184",BYD 11+,Designant.
"2134",BYD 11,Arcana Eden
"1857",BYD 10+,Einherjar Joker
"1792",FTR 10,Arcana Eden
"1772",BYD 11,Vicious [ANTi] Heroism
"1768",FTR 10+,Designant.
"1766",FTR 10+,Testify
"1741",BYD 11,Pentiment
"1710",FTR 10+,And Revive The Melody
"1661",BYD 11,World Ender
"1644",ETR 11,ALTER EGO
"1637",BYD 11,Lament Rain
"1633",BYD 10+,"Infinite Strife,"
"1576",FTR 11,#1f1e33
"1568",FTR 11,Aegleseeker
"1560",FTR 9+,Heavenly caress
"1544",FTR 10,Back to Basics
"1542",FTR 10+,Vulcānus
"1540",BYD 11,Tempestissimo
"1534",BYD 10+,Heavensdoor
"1530",FTR ?,0xe0e1ccull
"1524",FTR 10+,PRIMITIVE LIGHTS
"1522",FTR 10+,Misdeed -la bonté de Dieu et l'origine du mal-
"1521",FTR 10+,Stasis
"1519",FTR 10+,KYOREN ROMANCE
"1511",FTR 9+,"Infinite Strife,"
"1508",FTR ?,Red and Blue and Green
"1503",BYD 10,overdead.
"1502",BYD 11,PRAGMATISM -RESURRECTION-
"1500",FTR 10+,DA'AT -The First Seeker of Souls-
"1497",FTR 10,Lethal Voltage
"1497",FTR 10,MVURBD
"1483",FTR 10+,GENOCIDER
"1479",FTR 10,GLORY：ROAD
"1476",FTR 10+,Dantalion
"1475",FTR 10,Last Celebration
"1467",FTR 11,Abstruse Dilemma
"1466",FTR 10,ALTER EGO
"1452",FTR 10+,World Vanquisher
"1450",FTR 11,Grievous Lady
"1448",BYD 10+,Breach of Faith
"1445",FTR ?,HIVEMIND INTERLINKED
"1444",FTR 11,Arghena
"1433",FTR 10,AttraqtiA
"1432",FTR 10,Judgement
"1426",PRS 9,Designant.
"1412",FTR 10+,BUCHiGiRE Berserker
"1410",ETR 9,epitaxy
"1405",FTR 9+,Ultimate taste
"1403",FTR 10,Viyella's Tears
"1402",ETR 10+,Distorted Fate
"1393",FTR 10+,ω4
"1392",BYD 10,IMPACT
"1392",FTR 10,To the Milky Way
"1388",FTR 10,Astral Quantization
"1387",FTR 9+,World Fragments III(radio edit)
"1385",ETR 10+,Don't Fight The Music
"1385",FTR 11,LAMIA
"1384",FTR 11,SAIKYO STRONGER
"1380",FTR 10,Lament Rain
"1373",FTR 10,Breach of Faith
"1371",FTR 10,SUPER AMBULANCE
"1369",FTR 10+,CHAOS
"1369",FTR 10+,ouroboros -twin stroke of the end-
"1368",FTR 10+,Cyaegha
"1367",FTR 10,Climax
"1365",FTR 10,eden
"1353",FTR 10,G e n g a o z o
"1347",FTR 10,Ikazuchi
"1345",FTR 10,Pentiment
"1343",PRS 9,Fracture Ray
"1341",FTR 10,Lucid Traveler
"1341",ETR 10+,ViRTUS
"1340",ETR 10+,Désive
"1339",BYD 10,lastendconductor
"1336",BYD 9+,FREEF4LL
"1329",FTR 9+,FLUFFY FLASH
"1328",FTR 10,NEO WINGS
"1326",FTR 9+,goldenslaughterer
"1323",PRS 9,dropdead
"1322",FTR 9+,Far Away Light
"1317",FTR 9+,Distortion Human
"1316",FTR 9+,Old School Salvage
"1313",FTR 10,Crimson Throne
"1310",PRS 8+,Arcana Eden
"1309",FTR 10+,Meta-Mysteria
"1309",FTR 10,Wish Upon a Snow
"1304",FTR 9+,THE ULTIMACY
"1303",FTR 9+,Mirzam
"1299",FTR 10+,NULL APOPHENIA
"1299",FTR 10,Qovat
"1299",FTR 9,VECTOЯ
"1294",FTR 10,99 Glooms
"1294",FTR 9+,Kanjou no Matenrou ～Arr.Demetori
"1293",FTR 9+,Corruption
"1292",ETR 10,Dual Doom Deathmatch
"1292",FTR 10,Live Fast Die Young
"1288",BYD 9+,qualia -ideaesthesia-
"1287",BYD 10,Bookmaker (2D Version)
"1286",FTR 10,Manic Jeer
"1280",ETR 10,Straight into the lights
"1279",FTR 11,Fracture Ray
"1277",FTR 9+,AlterAle
"1277",FTR 10,MIRINAE
"1274",FTR 10+,Black MInD
"1273",FTR 9+,Désive
"1269",PRS 8,And Revive The Melody
"1264",FTR 10,Chronicle
"1263",ETR 10,Dies irae
"1258",FTR 10,XTREME
"1256",FTR 9+,μ
"1254",FTR 10+,Tempestissimo
"1252",FTR 10,HIVEMIND
"1251",ETR 10,BREaK! BREaK! BREaK!
"1251",FTR 10,Overwhelm
"1249",FTR 10+,AMAZING MIGHTYYYY!!!!
"1247",ETR 10,Rain of Conflict in a Radiant Abyss
"1238",FTR 10,Metallic Punisher
"1235",PRS 9,Aegleseeker
"1235",FTR 10,Löschen
"1234",PRS 8,Vulcānus
"1232",FTR 10,Xanatos
"1231",FTR 9,IMPACT
"1228",FTR ?,overdead.
"1228",FTR 10,ultradiaxon-N3
"1227",FTR 10,Halcyon
"1226",FTR 9,Straight into the lights
"1225",FTR 9,Ignotus
"1225",FTR 9+,Swan Song
"1225",PRS 9,Testify
"1225",FTR 10,World Ender
"1223",FTR 10,Ego Eimi
"1223",FTR 9+,Nameless Passion
"1222",FTR 9+,Callima Karma
"1222",FTR 10,INTERNET YAMERO
"1222",FTR 9+,ViRTUS
"1213",PRS 9,ALTER EGO
"1212",FTR 10+,REKKA RESONANCE
"1209",FTR 9,lastendconductor
"1207",FTR 10,Spirit of the Dauntless
"1204",FTR 9,Essence of Twilight
"1204",FTR 9+,init()
"1203",FTR 10+,Spider's Thread
"1202",BYD 10,Purple Verse
"1201",ETR 10,8-EM
"1200",ETR 9+,Crimson Quartz
"1199",FTR 9+,amygdata
"1196",FTR 9+,Hybris (The one who shattered)
"1195",FTR 9+,Black Territory
"1195",FTR 9+,Scarlet Cage
"1194",PRS 8,eden
"1194",PRS 9,Grievous Lady
"1194",BYD 10,Red and Blue and Green
"1192",FTR 10,Lightning Screw
"1191",FTR 9+,Astra walkthrough
"1190",FTR 10,[X]
"1186",PRS 8+,Lament Rain
"1184",FTR 9+,MAXRAGE
"1183",FTR 9+,Ashen 6oundary
"1183",FTR 10,Kissing Lucifer
"1183",FTR 10,Trrricksters!!
"1179",FTR 9+,Lost in the Abyss
"1177",FTR 8,epitaxy
"1177",FTR 9+,Let's Rock (Arcaea mix)
"1176",FTR 10,Rise of the World
"1174",FTR 9,Rain of Conflict in a Radiant Abyss
"1173",FTR 10,Valhalla:0
"1172",FTR 9,Distorted Fate
"1171",PRS 8,Breach of Faith
"1171",FTR 10,cyanine
"1170",FTR 10,Ether Strike
"1165",BYD 10,Renegade
"1164",FTR 9,carmine:scythe
"1164",ETR 9+,Hypnotize
"1161",BYD 10,La'qryma of the Wasteland
"1159",FTR 10,Capella
"1159",FTR 9+,Einherjar Joker
"1157",ETR 9+,Innocence
"1154",FTR 9+,Lost Desire
"1154",PRS 8+,To the Milky Way
"1153",FTR 10,Felis
"1151",FTR 10,Sheriruth
"1150",FTR 9,Syro
"1150",FTR 10,Vicious Heroism
"1149",FTR 10,UNKNOWN LEVELS
"1146",FTR 10+,Ringed Genesis
"1144",PRS 9,#1f1e33
"1142",FTR 9+,Antagonism
"1141",FTR 9+,Defection
"1140",FTR 9+,Technicolour
"1139",FTR 9+,Beautiful Dreamer
"1139",ETR 10,Gensou no Satellite
"1139",BYD 9+,Moonheart
"1134",FTR 10,Sheriruth (Laur Remix)
"1132",FTR 10,Free Myself
"1132",FTR 10,Seclusion
"1131",FTR 9+,RGB
"1130",FTR 10,Chromafill
"1130",FTR 9,felys final remix
"1130",FTR 10,Scarlet Lance
"1129",ETR 10,BlazinG AIR
"1129",FTR 9+,Devillic Sphere
"1129",FTR 9,Dreamin' Attraction!!
"1127",PRS 8+,Abstruse Dilemma
"1126",FTR 10,"Hiiro Gekka, Kyoushou no Zetsu (nayuta 2017 ver.)"
"1126",FTR 10,Malicious Mischance
"1125",FTR 9,Avant Raze
"1124",FTR 8,Bookmaker (2D Version)
"1123",FTR 9,Lost Emotion feat. nomico
"1123",FTR 9+,SUPERNOVA
"1121",BYD 9+,Kanagawa Cyber Culvert
"1120",FTR 10,γuarδina
"1118",BYD 10,Rays of Remnant
"1117",FTR 9+,Macrocosmic Modulation
"1115",PRS 8+,Back to Basics
"1114",BYD 10,Singularity VVVIP
"1112",FTR 9+,Heart Jackin'
"1111",FTR 9,In Vain
"1111",FTR 9,Kanagawa Cyber Culvert
"1108",FTR 10,Kanbu de Tomatte Sugu Tokeru
"1108",FTR 9+,Nhelv
"1105",FTR 10,Singularity
"1103",BYD 9+,GOODTEK (Arcaea Edit)
"1102",FTR 9+,To the Furthest Dream
"1101",FTR 9+,Heavensdoor
"1100",FTR 10,Aurgelmir
"1100",FTR 9+,The Survivor (Game Edit)
"1099",FTR 9+,Dreadnought
"1099",FTR 10,PUPA
"1099",FTR 10+,TEmPTaTiON
"1098",PRS 8+,NULL APOPHENIA
"1097",PST 5,Arcana Eden
"1096",FTR 9,Specta
"1095",PRS 7,Wish Upon a Snow
"1094",FTR 10,Axium Crisis
"1094",FTR 9,CROSS†OVER
"1094",FTR 8+,Dual Doom Deathmatch
"1093",FTR 10,GIMME DA BLOOD
"1092",FTR 9,ΟΔΥΣΣΕΙΑ
"1091",PRS 8,DA'AT -The First Seeker of Souls-
"1091",FTR 9+,New York Back Raise
"1088",FTR 10,Redolent Shape
"1088",FTR 9+,Summer Fireworks of Love
"1087",ETR 10,10pt8ion
"1087",FTR 9+,Vandalism
"1086",FTR 10,Tiferet
"1086",BYD 10,trappola bewitching
"1084",FTR 10,"Good bye, Merry-Go-Round."
"1082",PRS 9,Arghena
"1081",FTR 9,8-EM
"1081",FTR 9,CROSS†SOUL
"1081",PRS 7,"Infinite Strife,"
"1079",PRS 8,Crimson Throne
"1077",PRS 8+,Chronicle
"1077",FTR 10,corps-sans-organes
"1077",FTR 9+,Haze of Autumn
"1077",BYD 9+,Ignotus Afterburn
"1076",FTR 9+,Amekagura
"1075",FTR 9,Vindication
"1075",FTR 9+,yomibito_shirazu
"1074",FTR 9+,Trap Crow
"1073",FTR 10,Oshama Scramble!
"1073",PRS 8+,PRIMITIVE LIGHTS
"1070",PRS 8,Misdeed -la bonté de Dieu et l'origine du mal-
"1067",PRS 9,SAIKYO STRONGER
"1067",FTR 8,Shades of Light in a Transcendent Realm
"1066",FTR 9+,Ai Drew
"1065",FTR 9+,Arcahv
"1065",PRS 8,Axium Crisis
"1065",ETR 10+,Inverted World
"1064",FTR 10,Masquerade Legion
"1061",FTR 8,Harutopia ~Utopia of Spring~
"1061",FTR 9,Head BONK ache
"1061",FTR 9,Illegal Paradise
"1061",BYD 9+,Lost Civilization
"1059",FTR 9,astral.exe
"1058",FTR 9,LunarOrbit -believe in the Espebranch road-
"1056",FTR 10,conflict
"1056",FTR 9,Final Step!
"1055",PST 7,Designant.
"1055",PRS 8,Judgement
"1055",PRS 8+,Pentiment
"1052",FTR 9,Dies irae
"1051",PRS 8,Désive
"1051",FTR 10+,ii
"1051",BYD 9,Purgatorium
"1051",PRS 8+,REKKA RESONANCE
"1050",FTR 10,Bamboo
"1049",FTR 9,Let you DIVE! (nitro rmx)
"1049",FTR 9,PICO-Pico-Translation!
"1048",BYD 10,Libertas
"1048",FTR 9+,Xeraphinite
"1047",FTR 9,Floating World
"1047",ETR 9,Jingle
"1047",FTR 9,ReviXy
"1046",PRS 8,BUCHiGiRE Berserker
"1046",FTR 8,san skia
"1045",FTR 9+,Sulfur
"1044",BYD 10,Quon (DJ Noriken)
"1044",FTR 9+,trappola bewitching
"1043",FTR 9,Don't Fight The Music
"1043",ETR 10,Third Sun
"1042",FTR 9+,BATTLE NO.1
"1042",FTR 9+,Protoflicker
"1042",BYD 9,Shades of Light in a Transcendent Realm
"1040",FTR 10,Alexandrite
"1040",BYD 9+,Dement ~after legend~
"1040",FTR 9+,HYPER VISION
"1040",FTR 10,Logos
"1038",PRS 8,Overwhelm
"1035",FTR 10,Garakuta Doll Play
"1035",ETR 9+,MORNINGLOOM
"1034",PRS 9,Tempestissimo
"1031",ETR 8+,Clotho and the stargazer
"1031",FTR 9,Lazy Addiction
"1031",PRS 7+,MVURBD
"1031",PST 4,Wish Upon a Snow
"1030",FTR 9,Raven's Pride
"1030",FTR 10,αterlβus
"1028",FTR ?,Ignotus Afterburn
"1025",FTR 9,cocoro*cosmetic
"1025",PRS 8+,GENOCIDER
"1025",PST 6,Lament Rain
"1024",PST 3,Callima Karma
"1023",FTR 9+,Ascent
"1023",FTR 8,FREEF4LL
"1023",FTR 8,Innocence
"1023",FTR 9,Purple Verse
"1022",FTR 9+,Dazzle hop
"1022",FTR 9,qualia -ideaesthesia-
"1021",FTR 7+,Clotho and the stargazer
"1021",FTR 10+,Divine Light of Myriad
"1021",BYD 9+,Oblivia
"1015",FTR 9+,BLRINK
"1015",FTR 8,Relentless
"1014",FTR 9,MANTIS (Arcaea Ultra-Bloodrush VIP)
"1013",FTR 9+,Galaxy Friends
"1013",FTR 9,Your voice so... feat. Such
"1010",FTR 9+,Modelista
"1008",FTR 10+,TeraVolt
"1008",PRS 6,Ultimate taste
"1007",PST 5,Désive
"1006",PRS 8+,Lucid Traveler
"1004",FTR 9,STAGER (ALL STAGE CLEAR)
"1002",PRS 8,AttraqtiA
"1002",FTR 9,Blaster
"1002",FTR 9+,Hailstone
"1002",PRS 7,VECTOЯ
"1001",PST 7+,Testify
"1000",FTR 9,Auxesia
"1000",PRS 8,ViRTUS
999,FTR 9,Alice's Suitcase
999,PRS 7,GLORY：ROAD
999,PST 4,MVURBD
999,ETR 9+,Waltz for Lorelei
999,PRS 7,World Fragments III(radio edit)
998,FTR 10,To: Alice Liddell
997,FTR 9,Journey
995,PST 4,HIVEMIND
994,FTR 9+,Ignition
994,PRS 6,Last Celebration
994,FTR 9,Renegade
994,PRS 8,To the Furthest Dream
993,FTR 8+,Hypnotize
992,FTR 8+,Gensou no Satellite
992,FTR 9+,The Message
991,BYD 9+,Cybernecia Catharsis
991,FTR 9+,Filament
991,FTR 9+,Hotarubi no Yuki
991,FTR 9,Quon (Feryquitous)
990,PST 4,NULL APOPHENIA
989,FTR 9,AI[UE]OON
989,PRS 7,Callima Karma
988,PRS 7+,Climax
988,PRS 8,HIVEMIND
988,ETR 9+,LiftOff
987,PRS 7+,INTERNET YAMERO
986,PST 5,Breach of Faith
986,FTR 9,Dynitikós
986,BYD 9,Infinity Heaven
986,FTR 9,Lost Civilization
986,PRS 7,μ
984,PRS 8,Cyaegha
983,PST 5,Abstruse Dilemma
983,PST 6,Fracture Ray
983,FTR 8,Purgatorium
982,FTR 9,Be There
982,PRS 7+,KYOREN ROMANCE
982,FTR 9+,Rays of Remnant
980,FTR 10,Nirv lucE
979,FTR 9+,nέο κόsmo
979,FTR 9,Turbocharger
978,FTR 9+,Memory Forest
978,FTR 8,Snow White
976,FTR 9+,B.B.K.K.B.K.K.
976,PRS 7,Ikazuchi
976,FTR 10,IZANA
975,FTR 9,Rugie
974,FTR 9+,Monochrome Princess
973,PST 5,Aegleseeker
973,PRS 7+,Hybris (The one who shattered)
972,FTR 8+,Solitary Dream
971,PRS 7,SUPER AMBULANCE
970,FTR 9,Alone & Lorn
970,FTR 7+,Dement ~after legend~
969,FTR 9,False Embellishment
969,PST 3,Last Celebration
968,BYD 9,Antithese
968,FTR 9,GOODTEK (Arcaea Edit)
968,PST 5,Vulcānus
965,FTR 9+,Black Lotus
965,FTR 9,FANTA5Y
964,FTR 8+,Senkyou
963,PRS 7,Let's Rock (Arcaea mix)
963,FTR 9,Oracle
962,PST 5,And Revive The Melody
962,PRS 7+,Don't Fight The Music
962,ETR 10,Twilight Concerto
961,FTR 8,Lumia
959,FTR 8+,Grimheart
958,FTR 9+,SACRIFICE feat. ayame
957,PRS 7,init()
957,PRS 7+,Spirit of the Dauntless
957,FTR 9,The Formula
956,PST 6,Grievous Lady
956,FTR 9,La'qryma of the Wasteland
956,FTR 8,Oblivia
955,FTR 9,Blue Rose
955,FTR 9,DataErr0r
954,FTR 9+,LIVHT MY WΔY
954,BYD 9,next to you
954,BYD 9+,Teriqma
952,FTR 9+,Mazy Metroplex
952,FTR 9,Phantasia
951,FTR 9,Equilibrium
950,PRS 7+,Old School Salvage
948,FTR 8+,Give Me a Nightmare
947,PRS 7+,cyanine
947,FTR 9,Feels So Right feat. Renko
947,FTR 9,Libertas
947,FTR 8,Moonheart
946,FTR 9,Cybernecia Catharsis
946,PRS 6,FLUFFY FLASH
946,BYD 10,Party Vinyl
945,FTR 9,Remind the Souls (Short Version)
944,FTR ?,Mistempered Malignance
943,PRS 8,Astral Quantization
943,PRS 8,Halcyon
943,PRS 7+,ω4
942,FTR 10,PRAGMATISM
942,PRS 7+,Viyella's Tears
941,FTR 8,Silent Rush
940,FTR 9,Inverted World
940,FTR 8+,MORNINGLOOM
939,PRS 6,epitaxy
938,PRS 7,Xanatos
937,PRS 8,Ego Eimi
935,PRS 7,Stasis
934,PRS 7+,Rain of Conflict in a Radiant Abyss
932,BYD 9,Fairytale
932,FTR 9,with U
931,FTR 9,A Wandering Melody of Love
931,FTR 10,Medusa
931,BYD 10,OMAKENO Stroke
931,FTR 9,Yosakura Fubuki
930,FTR 9,Flyburg and Endroll
929,PRS 6,Kanjou no Matenrou ～Arr.Demetori
929,FTR 9+,shrink
928,PST 5,Chronicle
928,PST 5,To the Milky Way
925,FTR 9+,7thSense
925,FTR 8+,Surrender
922,FTR 9,ENERGY SYNERGY MATRIX
922,FTR 9,Evening in Scarlet
922,PRS 7+,Lethal Voltage
922,FTR 9,Strongholds
921,FTR 8+,Call My Name feat. Yukacco
921,PST 5,DA'AT -The First Seeker of Souls-
921,FTR 8,Dandelion
920,FTR 9,Empire of Winter
920,FTR 9,Lapis
920,FTR 9+,Luna Rossa
919,FTR 10,Aleph-0
919,FTR 9,Small Cloud Sugar Candy
919,PST 7,Tempestissimo
919,PRS 7,THE ULTIMACY
916,FTR 9+,BADTEK
916,FTR 8+,Chronostasis
916,FTR 9,Glow
916,FTR 8+,Waltz for Lorelei
915,ETR 9+,STARGATE EXTREME
913,PRS 7+,IMPACT
913,PRS 6,Nhelv
913,FTR 9+,Ouvertüre
911,PST 7,Pentiment
909,PRS 7,Heavenly caress
909,PRS 7+,ΟΔΥΣΣΕΙΑ
908,PRS 6,Lost in the Abyss
907,PST 3,Lost in the Abyss
906,FTR 9+,10pt8ion
906,FTR 8+,Saint or Sinner
905,FTR 9+,Linear Accelerator
905,PRS 7+,Meta-Mysteria
904,PRS 7+,Capella
901,PRS 7,lastendconductor
900,FTR 9+,Lethaeus
899,PRS 6,Vindication
898,FTR 8,Hall of Mirrors
898,PRS 7+,Trap Crow
897,PRS 7,Dreadnought
896,PRS 8,ultradiaxon-N3
895,FTR 10,Magnolia
894,FTR 8+,BREaK! BREaK! BREaK!
894,PRS 7,Dynitikós
893,PRS 7,Valhalla:0
891,FTR 9,Dancin' on a Cat's Paw
890,PRS 7,Chromafill
890,PRS 7+,Distorted Fate
890,PRS 6,IONOSTREAM
890,PRS 7,Nameless Passion
888,PST 4,"Infinite Strife,"
888,BYD 9,Last | Moment
886,PRS 7+,Astra walkthrough
886,FTR 9,Redraw the Colorless World
885,PRS 8,LAMIA
885,PRS 7,Mirzam
885,FTR 8,One Last Drive
885,FTR 8+,Vivid Theory
884,PRS 7+,Arcahv
884,FTR 9,Astral tale
884,PST 4,Capella
884,ETR 8+,Hidden Rainbows of Epicurus
883,PST 7,Arghena
881,PRS 6,AlterAle
881,BYD 9,MERLIN
881,PRS 8,MIRINAE
880,PRS 6,goldenslaughterer
877,FTR 8+,Antithese
877,FTR 9,Stratoliner
877,PST 5,ViRTUS
876,PST 4,Trap Crow
875,PRS 7+,Manic Jeer
875,PRS 7,qualia -ideaesthesia-
873,FTR 9,Teriqma
872,FTR 9,Alice à la mode
872,FTR 9,Crystal Gravity
872,FTR 9,DRG
872,FTR 9,Heart
871,ETR 9+,IONOSTREAM
871,PRS 7+,Lost Desire
870,PRS 8,G e n g a o z o
869,PRS 7,Heavensdoor
869,FTR 9,OMAKENO Stroke
868,PST 4,GLORY：ROAD
867,FTR 9+,Genesis (Morrigan feat.Lily)
865,PST 6,ALTER EGO
864,PST 4,goldenslaughterer
864,FTR 8,I've heard it said
861,FTR 9,Can I Friend You on Bassbook? Lol
861,FTR 8+,Crimson Quartz
861,FTR 8,Lucifer
861,FTR 8+,WAIT FOR DAWN
860,PST 5,REKKA RESONANCE
860,PRS 8,Ringed Genesis
857,BYD 9,inkar-usi
856,FTR 8+,Flashback
855,PST 3,Heavenly caress
855,PRS 8,PRAGMATISM
854,PST 5,Overwhelm
854,PRS 7,Solitary Dream
853,FTR 7+,Infinity Heaven
852,FTR 8,Reinvent
851,PRS 7,Amekagura
851,FTR 9,Anökumene
851,FTR 8,Ävril -Flicka i krans-
851,FTR 8,world.execute(me);
850,FTR 9,Blocked Library
850,PST 5,BUCHiGiRE Berserker
850,PRS 7,Löschen
850,FTR 9+,Loveless Dress
850,PRS 7+,World Ender
848,PRS 7,CHAOS
848,FTR 7+,Jingle
848,PST 4,Stasis
847,PRS 7+,8-EM
847,PRS 6,Corruption
846,PRS 7,Metallic Punisher
845,PST 2,Antithese
845,PST 3,IONOSTREAM
845,FTR 9,Red and Blue
844,PST 5,Judgement
844,PST 5,Meta-Mysteria
843,PRS 8,Dantalion
843,PRS 8,Rise of the World
841,PRS 6,Distortion Human
841,ETR 9,FURETE-MITAI
841,FTR 9,Jump
840,PRS 7,NEO WINGS
839,PRS 7,HYPER VISION
838,PST 3,Dual Doom Deathmatch
838,PRS 7,Genesis (Morrigan feat.Lily)
838,FTR 9,Lawless Point
837,PRS 8,Ether Strike
837,PRS 8,Live Fast Die Young
837,FTR 9,Sakura Fubuki
836,PRS 8,IZANA
836,FTR 9,On And On!! feat. Jenga
836,PST 4,To the Furthest Dream
835,PRS 7+,Divine Light of Myriad
832,PST 4,GENOCIDER
832,PRS 7,ouroboros -twin stroke of the end-
832,PRS 7,Sheriruth
831,FTR 9,Last
831,PST 5,Rain of Conflict in a Radiant Abyss
831,PRS 7+,XTREME
830,FTR 8,Altair (feat. *spiLa*)
830,PRS 6,Dual Doom Deathmatch
829,PRS 6,MORNINGLOOM
829,PRS 6,Syro
828,PRS 6,Altair (feat. *spiLa*)
828,FTR 9,Leave All Behind
828,FTR 9,MAHOROBA
828,PST 3,Ultimate taste
826,PRS 5,Antithese
826,PST 4,eden
826,PST 3,epitaxy
826,PST 5,LAMIA
825,FTR 8,REconstruction
825,PST 3,μ
824,FTR 8+,next to you
823,PRS 7,CROSS†SOUL
823,FTR 8+,dropdead
821,PST 4,KYOREN ROMANCE
819,PRS 6,Let you DIVE! (nitro rmx)
818,PST 4,Arcahv
818,FTR 8+,IONOSTREAM
818,FTR 7+,Suomi
817,FTR 8,Gekka (Short Version)
817,PRS 5,Give Me a Nightmare
817,PST 3,The Survivor (Game Edit)
816,PRS 8+,ii
816,PST 3,ω4
814,BYD 9,Lumia
814,PST 5,Misdeed -la bonté de Dieu et l'origine du mal-
814,PRS 5,Waltz for Lorelei
813,PRS 7+,Ashen 6oundary
813,FTR 9,Galactic Love
812,PRS 7,Chronostasis
812,PRS 7,Technicolour
811,PRS 6,Innocence
811,PRS 7+,Lightning Screw
811,FTR 9,Third Sun
810,PRS 6,CROSS†OVER
810,FTR 9,Primeval Texture
809,FTR 8+,Cosmo Pop Funclub
809,FTR 9,Faint Light (Arcaea Edit)
809,PRS 6,Ignotus
808,FTR 8,Babaroque
808,FTR 9+,DX Choseinou Full Metal Shojo
805,FTR 9,Impure Bird
805,FTR 9,Transient Space
804,PRS 8+,TeraVolt
803,PRS 7,New York Back Raise
803,PRS 7+,RGB
803,FTR 9,Twilight Concerto
802,PRS 7,Dies irae
801,PST 5,Ego Eimi
800,PRS 6,Defection
800,FTR 9,Party Vinyl
799,FTR 9,Used to be
798,PST 4,Divine Light of Myriad
798,PRS 7+,Logos
797,PRS 7,Raven's Pride
795,FTR 9,Iconoclast
795,PRS 7+,Sheriruth (Laur Remix)
794,FTR 9+,Got hive of Ra
794,PRS 7+,Macrocosmic Modulation
794,PST 4,Spider's Thread
793,PRS 7,Floating World
793,FTR 8+,Paper Witch
792,PRS 7,Be There
791,FTR 8+,cry of viyella
791,PRS 7+,nέο κόsmo
790,BYD 9+,Last | Eternity
789,PRS 6,Shades of Light in a Transcendent Realm
788,FTR 7+,Rise
787,FTR 7+,Brand new world
787,PST 3,FLUFFY FLASH
786,PRS 7,Ouvertüre
785,PRS 7,Black Territory
785,PRS 7,DataErr0r
785,PRS 7,Dreamin' Attraction!!
785,PRS 7,Free Myself
785,PST 5,PRIMITIVE LIGHTS
785,FTR 8,Prism
785,FTR 9+,SOUNDWiTCH
785,BYD 9,Vexaria
784,PRS 7,Trrricksters!!
783,PRS 6,Gensou no Satellite
783,FTR 7,Hidden Rainbows of Epicurus
783,PRS 6,san skia
782,PRS 7+,[X]
782,PST 5,Astral Quantization
782,FTR 7,Fairytale
782,PRS 7,FREEF4LL
781,PRS 7,Last
780,PRS 7+,Filament
780,PRS 7,Lost Emotion feat. nomico
779,PRS 7,SACRIFICE feat. ayame
778,PRS 6,Journey
778,PRS 5,Strongholds
777,PST 3,World Fragments III(radio edit)
776,PRS 7+,AMAZING MIGHTYYYY!!!!
776,FTR 8,blue comet
775,FTR 8+,Evoltex (poppi'n mix)
775,FTR 8+,Maze No.9
774,PRS 7+,99 Glooms
773,PRS 7+,Beautiful Dreamer
773,PST 4,Climax
773,FTR 8+,Cosmica
772,FTR 8,Rabbit In The Black Room
771,PRS 6,felys final remix
771,PRS 8,UNKNOWN LEVELS
770,ETR 9,HELLOHELL
770,PRS 7+,Kissing Lucifer
770,FTR ?,Singularity VVVIP
769,PST 4,Astra walkthrough
769,PRS 7+,Far Away Light
768,PRS 8,TEmPTaTiON
767,PRS 7,Einherjar Joker
767,PRS 7,Essence of Twilight
766,PST 4,Heavensdoor
766,PRS 7,Rays of Remnant
765,PST 5,#1f1e33
765,PRS 8,Aurgelmir
765,PRS 8,Qovat
764,PRS 7+,Spider's Thread
764,PRS 8,yomibito_shirazu
763,FTR 8,FURETE-MITAI
762,PST 4,New York Back Raise
762,PRS 7,Seclusion
761,PRS 7,Hypnotize
760,PST 5,Cyaegha
760,PRS 7,MANTIS (Arcaea Ultra-Bloodrush VIP)
760,PRS 6,MAXRAGE
759,FTR 8,enchanted love
759,PRS 5,World Vanquisher
758,FTR 8,1F√
757,FTR 8+,BlazinG AIR
757,PST 4,Chromafill
757,PST 4,Don't Fight The Music
757,PST 4,Hybris (The one who shattered)
757,PRS 6,LunarOrbit -believe in the Espebranch road-
756,PRS 6,Dement ~after legend~
756,PST 4,Distorted Fate
756,PRS 7+,Monochrome Princess
756,PRS 7,Remind the Souls (Short Version)
756,PRS 7,Vicious Heroism
754,FTR 9+,Awaken In Ruins
754,PRS 8,Black MInD
754,PRS 6,Rugie
753,PST 3,Floating World
752,PST 4,XTREME
751,PRS 5,Dream goes on
751,PRS 7+,Renegade
750,PRS 6,The Survivor (Game Edit)
749,FTR 8+,Quon (DJ Noriken)
749,PST 3,THE ULTIMACY
745,PRS 5,Clotho and the stargazer
742,PRS 6,Alone & Lorn
741,PST 4,Amekagura
741,PRS 5,Jingle
740,PST 4,SUPER AMBULANCE
740,FTR 8+,"Tsuki ni Murakumo, Hana ni Kaze"
739,PRS 7+,7thSense
739,FTR 8,Dot to Dot feat. shully
738,PRS 7+,Antagonism
738,PRS 7,LIVHT MY WΔY
737,PRS 7,GIMME DA BLOOD
736,PST 3,Kanjou no Matenrou ～Arr.Demetori
735,FTR 9,"Sign of ""10.5km"""
735,PST 4,Xanatos
734,PRS 6,astral.exe
734,PST 3,Innocence
734,FTR 7,Vexaria
733,FTR 9,GIMMICK
733,PRS 7,Haze of Autumn
733,PRS 7,Hotarubi no Yuki
732,PRS 6,Ai Drew
732,PST 4,AttraqtiA
732,FTR 9,Coastal Highway
732,FTR 8,Eccentric Tale
732,ETR 8+,Suomi
731,PRS 7,conflict
731,PST 5,Dantalion
729,FTR 7+,Paradise
729,PRS 7,ReviXy
728,PST 3,AlterAle
728,PRS 6,Bookmaker (2D Version)
728,PST 2,Grimheart
728,ETR 8,Sayonara Hatsukoi
727,PRS 6,Avant Raze
727,PST 4,Crimson Throne
727,PRS 6,Small Cloud Sugar Candy
726,PST 3,lastendconductor
726,PRS 7+,Magnolia
726,PRS 6,Memory Forest
725,PRS 7,Head BONK ache
724,PRS 6,Equilibrium
724,PST 4,Lethal Voltage
724,FTR 9,STARGATE EXTREME
724,FTR 8,Tie me down gently
723,PST 3,IMPACT
723,PRS 6,PICO-Pico-Translation!
722,PRS 6,Relentless
722,PST 4,Rise of the World
722,PRS 5,Senkyou
721,PST 2,Gensou no Satellite
721,PRS 6,Surrender
721,PST 4,Vindication
720,PRS 7+,Tiferet
719,FTR 7+,Dream goes on
719,PST 3,"Hiiro Gekka, Kyoushou no Zetsu (nayuta 2017 ver.)"
719,PRS 7,Swan Song
718,PRS 6,Quon (Feryquitous)
717,PST 5,Back to Basics
717,PRS 6,Lethaeus
717,PRS 7,Redolent Shape
717,PST 4,ΟΔΥΣΣΕΙΑ
716,PST 4,Viyella's Tears
715,PST 4,Dreadnought
715,PRS 7,FANTA5Y
715,FTR 9,NULCTRL
714,PRS 7,Kanbu de Tomatte Sugu Tokeru
714,ETR 9,Prayer
714,PRS 7,Straight into the lights
713,FTR 8,Genesis (Iris)
713,PST 4,init()
712,FTR 8+,MERLIN
712,PST 4,Solitary Dream
711,PRS 7,amygdata
711,PRS 6,Faint Light (Arcaea Edit)
711,PRS 7,Scarlet Cage
710,PRS 7+,carmine:scythe
710,PST 3,MORNINGLOOM
710,PST 4,Rays of Remnant
709,FTR 8,Diode
709,PRS 6,"Hiiro Gekka, Kyoushou no Zetsu (nayuta 2017 ver.)"
708,FTR 9,〇、
708,PRS 7,B.B.K.K.B.K.K.
707,PRS 5,Kanagawa Cyber Culvert
706,PRS 4,Harutopia ~Utopia of Spring~
706,PRS 7+,Malicious Mischance
706,PRS 6,Specta
705,PST 4,Old School Salvage
704,PRS 7+,10pt8ion
704,PRS 7+,Mazy Metroplex
703,FTR 8+,Beside You
703,FTR 9+,Fallensquare
703,PRS 6,Reinvent
702,PST 4,Ashen 6oundary
702,PRS 6,Stratoliner
702,PRS 7,Third Sun
701,FTR 8,Bullet Waiting for Me (James Landino remix)
699,PRS 7,Alexandrite
699,PRS 5,Grimheart
698,PRS 6,Dandelion
698,PST 4,Manic Jeer
698,PRS 6,Masquerade Legion
697,FTR 8,April showers
697,PST 4,Logos
697,PST 3,Raven's Pride
696,PRS 7,"Good bye, Merry-Go-Round."
696,PST 3,MAXRAGE
695,FTR 8+,CYCLES
694,PST 3,Ai Drew
694,PRS 6,Galactic Love
693,PST 4,Spirit of the Dauntless
692,PRS 7+,Devillic Sphere
691,PRS 7,Modelista
690,FTR 9+,Altale
690,PST 5,ii
690,PRS 7,Lost Civilization
687,PRS 6,Black Lotus
687,PRS 7,cocoro*cosmetic
685,PST 5,Axium Crisis
685,PRS 7,Vandalism
684,FTR 8+,Dialnote
684,PRS 6,False Embellishment
684,PRS 6,Final Step!
684,FTR 8,Hikari
684,PST 4,Lost Desire
684,PRS 7+,PUPA
683,PRS 7+,BLRINK
683,PST 4,Dynitikós
681,PST 3,Nameless Passion
680,PST 4,Last
680,PRS 6,Redraw the Colorless World
679,PST 4,"Good bye, Merry-Go-Round."
678,PRS 7+,Singularity
678,PRS 8,γuarδina
677,PRS 6,BATTLE NO.1
677,PRS 6,In Vain
677,PST 4,INTERNET YAMERO
677,PRS 6,Your voice so... feat. Such
676,PST 3,Give Me a Nightmare
675,PST 5,TeraVolt
675,PRS 6,Used to be
675,PST 3,VECTOЯ
674,FTR 9,Life is PIANO
674,PRS 5,Silent Rush
674,PRS 7,To: Alice Liddell
673,FTR 7,HELLOHELL
673,PST 4,LIVHT MY WΔY
672,FTR 8+,memoryfactory.lzh
672,PST 5,Ringed Genesis
672,PRS 5,Snow White
671,PST 4,Sheriruth (Laur Remix)
670,PRS 7,A Wandering Melody of Love
670,PST 2,Altair (feat. *spiLa*)
670,PST 3,san skia
669,PST 4,B.B.K.K.B.K.K.
669,PRS 6,Blue Rose
668,PST 3,Vandalism
668,PRS 7,αterlβus
666,PRS 7,Glow
666,FTR 7,Sayonara Hatsukoi
664,PST 3,Corruption
664,PRS 6,I've heard it said
664,PRS 7,Purple Verse
664,PST 3,SUPERNOVA
664,PST 2,Waltz for Lorelei
662,PRS 6,Empire of Winter
662,PST 4,Free Myself
662,PST 5,Halcyon
662,PST 4,Mirzam
661,PST 4,cyanine
660,PRS 6,Alice's Suitcase
660,FTR 8,LiftOff
660,PRS 7,shrink
659,PST 5,Ether Strike
659,PRS 6,Turbocharger
658,PRS 5,Vivid Theory
657,FTR 8,INTERNET OVERDOSE
656,PST 4,Far Away Light
656,PST 3,Ikazuchi
655,FTR 7,Blossoms
655,PRS 7,Cybernecia Catharsis
655,PST 4,Renegade
654,PST 3,astral.exe
654,PST 5,SAIKYO STRONGER
653,PST 3,Black Lotus
653,PRS 6,Call My Name feat. Yukacco
653,PST 4,CROSS†OVER
653,PRS 6,Crystal Gravity
653,FTR 8,DDD
652,PST 4,RGB
651,PRS 7,Hailstone
651,PRS 6,La'qryma of the Wasteland
650,FTR 8+,Chelsea
650,PRS 6,Flyburg and Endroll
649,PRS 6,with U
648,PRS 6,Auxesia
647,PRS 6,Lazy Addiction
647,PST 3,Nhelv
646,PST 5,CHAOS
646,PRS 7,Inverted World
646,PST 4,MIRINAE
645,PRS 6,Babaroque
645,PRS 5,blue comet
645,PRS 7,Medusa
645,FTR 7+,Moonlight of Sand Castle
644,PST 3,Alice's Suitcase
644,PRS 5,Hidden Rainbows of Epicurus
644,PRS 7,Scarlet Lance
644,PST 3,Technicolour
643,PST 3,Alone & Lorn
643,PRS 7,Xeraphinite
642,PRS 7,Astral tale
642,PST 3,Löschen
641,PRS 6,Purgatorium
641,FTR 7+,Romance Wars
641,PRS 6,Summer Fireworks of Love
641,PST 4,yomibito_shirazu
639,PST 4,HYPER VISION
639,PST 4,Kissing Lucifer
639,PST 3,Memory Forest
638,PRS 7,Evening in Scarlet
637,PST 4,99 Glooms
636,PRS 6,Feels So Right feat. Renko
636,PRS 7+,WAIT FOR DAWN
635,PRS 7,Blaster
634,PRS 6,Beside You
634,PST 4,Lucid Traveler
634,PRS 7+,Twilight Concerto
633,PRS 7,Protoflicker
632,PST 4,Dies irae
632,PRS 6,GOODTEK (Arcaea Edit)
632,PRS 6,MAHOROBA
631,PRS 6,Bamboo
630,PRS 6,Lawless Point
630,PRS 6,Loveless Dress
630,PRS 6,The Message
628,PRS 6,Gekka (Short Version)
627,PST 3,Black Territory
627,PRS 7,Evoltex (poppi'n mix)
627,PST 3,Senkyou
627,PST 5,TEmPTaTiON
626,PRS 6,Ascent
626,PST 3,felys final remix
625,PST 3,Final Step!
625,PST 4,Magnolia
624,PST 4,AMAZING MIGHTYYYY!!!!
624,PRS 7,DRG
624,PRS 7,Felis
624,PST 3,LunarOrbit -believe in the Espebranch road-
624,PST 4,Valhalla:0
623,PRS 6,AI[UE]OON
622,PRS 6,Blocked Library
622,PRS 6,Jump
621,PRS 6,Ignition
621,PST 4,Monochrome Princess
619,PST 3,Chronostasis
618,PRS 6,Alice à la mode
617,PRS 4,enchanted love
616,PRS 6,OMAKENO Stroke
616,PRS 7,On And On!! feat. Jenga
616,PST 4,World Ender
615,PRS 7+,corps-sans-organes
615,PRS 6,Crimson Quartz
614,PRS 6,BREaK! BREaK! BREaK!
611,PST 4,Beautiful Dreamer
611,PST 4,Lightning Screw
611,PST 5,Sheriruth
610,PRS 6,"Tsuki ni Murakumo, Hana ni Kaze"
609,PST 5,IZANA
609,PST 2,Purgatorium
608,PRS 7,ENERGY SYNERGY MATRIX
608,PST 3,Let you DIVE! (nitro rmx)
608,PST 4,Macrocosmic Modulation
608,PRS 6,Sulfur
607,PRS 6,Ävril -Flicka i krans-
607,PST 4,Relentless
607,PRS 7,Transient Space
606,PST 4,CROSS†SOUL
605,PST 4,ultradiaxon-N3
604,PST 2,One Last Drive
603,PST 4,nέο κόsmo
602,PST 3,Lost Emotion feat. nomico
601,PST 5,Black MInD
599,PRS 4,Rise
598,PRS 6,GIMMICK
597,PRS 7+,Red and Blue
596,PST 2,WAIT FOR DAWN
595,PRS 7,BADTEK
595,PST 2,Blue Rose
595,PST 2,Hidden Rainbows of Epicurus
594,PST 4,[X]
594,PST 3,Feels So Right feat. Renko
593,PRS 6,Dancin' on a Cat's Paw
593,PRS 7,Iconoclast
592,PST 4,Be There
592,PST 4,Dreamin' Attraction!!
592,FTR 8,syūten
591,PST 3,Call My Name feat. Yukacco
591,PRS 6,Cosmo Pop Funclub
591,PST 4,NEO WINGS
591,FTR 8,Prayer
591,PST 4,UNKNOWN LEVELS
589,PST 4,FREEF4LL
589,PST 3,Hotarubi no Yuki
588,PRS 6,Anökumene
588,PST 3,Defection
587,PST 3,Equilibrium
587,PST 3,Faint Light (Arcaea Edit)
587,PST 4,Genesis (Morrigan feat.Lily)
587,PRS 6,The Formula
585,PRS 7,Illegal Paradise
584,PST 4,Kanbu de Tomatte Sugu Tokeru
584,PST 4,Twilight Concerto
583,PRS 7,next to you
583,PST 2,Ouvertüre
583,PST 4,Straight into the lights
582,PST 4,Einherjar Joker
582,PST 4,Filament
582,PST 3,GIMME DA BLOOD
582,PRS 5,world.execute(me);
582,PRS 7,Yosakura Fubuki
581,PST 3,Tie me down gently
580,PST 3,Avant Raze
580,PST 4,G e n g a o z o
580,FTR 8+,Lights of Muse
579,PRS 8+,Aleph-0
579,PST 3,Ignotus
579,PRS 5,Phantasia
579,PRS 6,Teriqma
578,FTR 7+,First Snow
578,PST 3,Ignition
578,PRS 6,INTERNET OVERDOSE
578,PRS 6,Luna Rossa
576,PST 3,False Embellishment
575,PRS 5,Heart
575,PST 3,MANTIS (Arcaea Ultra-Bloodrush VIP)
575,PST 4,ouroboros -twin stroke of the end-
574,PST 3,Oblivia
572,PRS 6,Galaxy Friends
572,PRS 6,Garakuta Doll Play
571,PST 4,Blaster
571,PRS 6,BlazinG AIR
571,PST 3,Crystal Gravity
571,PRS 6,Dazzle hop
571,PRS 6,Sakura Fubuki
570,PRS 7,Awaken In Ruins
570,PST 4,Head BONK ache
570,PST 4,Redolent Shape
570,PST 2,Reinvent
570,PST 4,Scarlet Cage
570,PST 2,Strongholds
569,PST 3,Crimson Quartz
568,PRS 6,Oshama Scramble!
568,PST 4,Redraw the Colorless World
566,PRS 5,Cosmica
566,PRS 5,Moonheart
566,PST 3,Rugie
565,PST 4,Live Fast Die Young
564,PRS 5,One Last Drive
564,PRS 6,"Sign of ""10.5km"""
564,PRS 6,SUPERNOVA
563,PRS 6,Saint or Sinner
563,PST 3,Swan Song
562,PST 3,In Vain
561,PST 3,Dazzle hop
561,PST 3,Remind the Souls (Short Version)
561,PST 4,Trrricksters!!
559,PST 4,Gekka (Short Version)
559,PRS 6,STAGER (ALL STAGE CLEAR)
558,PST 4,Purple Verse
557,PST 4,8-EM
556,PRS 6,DX Choseinou Full Metal Shojo
556,PST 4,Essence of Twilight
553,PRS 5,Hall of Mirrors
551,PST 3,Journey
550,PST 4,Medusa
550,PST 4,qualia -ideaesthesia-
550,PRS 5,Suomi
550,PST 3,Surrender
548,PRS 6,Can I Friend You on Bassbook? Lol
548,PST 3,Dement ~after legend~
548,PRS 6,Dialnote
548,PST 3,SACRIFICE feat. ayame
548,PST 3,Small Cloud Sugar Candy
547,PRS 7,Nirv lucE
547,PST 4,Quon (Feryquitous)
545,PRS 5,Infinity Heaven
544,PRS 5,April showers
544,PST 3,Distortion Human
544,PST 4,Phantasia
544,PRS 5,Prism
544,PST 4,Seclusion
543,PRS 5,Heart Jackin'
543,PRS 7+,Party Vinyl
543,PST 2,PICO-Pico-Translation!
541,PST 3,Let's Rock (Arcaea mix)
541,PRS 6,trappola bewitching
540,PST 4,Aurgelmir
539,PRS 6,1F√
538,PST 4,Bookmaker (2D Version)
538,PST 3,ReviXy
537,PST 3,Loveless Dress
537,PST 4,Used to be
536,PST 3,FANTA5Y
536,PST 3,The Message
535,PST 3,Hall of Mirrors
535,PST 2,Illegal Paradise
535,PST 3,Stratoliner
535,PST 3,Syro
535,PRS 5,Tie me down gently
535,PST 4,To: Alice Liddell
534,PST 3,Hailstone
534,PST 4,Singularity
534,PRS 5,Vexaria
533,PST 3,Haze of Autumn
532,PST 4,BADTEK
532,PST 1,Dream goes on
532,PST 3,Third Sun
531,PST 4,Jump
530,PST 4,Evening in Scarlet
530,PST 2,Jingle
529,PST 2,World Vanquisher
526,PST 2,Beside You
526,PST 3,Sakura Fubuki
525,PST 3,cocoro*cosmetic
525,PST 3,Inverted World
525,PRS 7,Primeval Texture
523,PRS 6,FURETE-MITAI
522,PRS 6,Dot to Dot feat. shully
520,PST 4,conflict
520,PRS 6,Lapis
519,PRS 6,〇、
519,PST 2,Clotho and the stargazer
519,PST 4,Qovat
518,PST 3,Hypnotize
518,PRS 5,Impure Bird
517,PRS 5,Oblivia
517,PST 4,Scarlet Lance
517,PST 3,Shades of Light in a Transcendent Realm
514,PRS 5,Libertas
513,PST 3,Galactic Love
511,PRS 3,Fairytale
510,PST 3,I've heard it said
510,PST 4,Malicious Mischance
510,PST 3,Masquerade Legion
510,PST 3,Protoflicker
509,PRS 6,Got hive of Ra
508,PRS 5,Oracle
508,PST 3,Oshama Scramble!
507,PST 4,Alexandrite
507,PST 4,γuarδina
506,PST 3,Heart Jackin'
506,PRS 5,Lucifer
505,PST 4,αterlβus
504,PST 4,amygdata
504,PST 4,Glow
503,PRS 6,Chelsea
502,PST 3,DataErr0r
502,PST 3,OMAKENO Stroke
500,PRS 6,LiftOff
500,PST 3,Metallic Punisher
499,PST 3,Bamboo
496,PRS 6,Quon (DJ Noriken)
494,PST 3,blue comet
494,PST 3,Maze No.9
493,PST 4,carmine:scythe
492,PRS 6,cry of viyella
490,PST 4,Devillic Sphere
490,PST 3,"Sign of ""10.5km"""
488,PRS 5,Flashback
488,PRS 5,Leave All Behind
488,PRS 6,Linear Accelerator
488,PRS 6,SOUNDWiTCH
487,PRS 5,Paper Witch
486,PRS 7,Fallensquare
486,PST 2,Snow White
484,PRS 6,DDD
484,PST 3,Empire of Winter
483,PRS 5,Eccentric Tale
480,PST 3,Lethaeus
479,PRS 6,Coastal Highway
479,PRS 5,Prayer
478,PST 3,Summer Fireworks of Love
476,PST 3,BATTLE NO.1
476,PST 3,Lawless Point
476,PST 3,Libertas
476,PST 4,PRAGMATISM
476,PST 2,Prism
475,PST 4,10pt8ion
474,PST 3,Galaxy Friends
472,PST 3,BREaK! BREaK! BREaK!
472,PRS 5,Diode
471,PST 3,ENERGY SYNERGY MATRIX
469,PST 2,Lumia
469,PRS 6,REconstruction
469,PST 3,Your voice so... feat. Such
468,PST 3,"Tsuki ni Murakumo, Hana ni Kaze"
467,PRS 5,Rabbit In The Black Room
466,PST 2,HELLOHELL
464,PST 4,Red and Blue
463,PST 4,Felis
463,FTR 7+,inkar-usi
462,PST 2,Lazy Addiction
462,PST 4,Lost Civilization
459,PST 3,Ävril -Flicka i krans-
459,PST 3,LiftOff
458,PST 4,Sulfur
455,PST 3,Ascent
454,PST 4,next to you
453,PST 3,Dot to Dot feat. shully
453,PST 3,Mazy Metroplex
453,PST 3,STAGER (ALL STAGE CLEAR)
452,PST 2,Diode
452,PST 3,world.execute(me);
451,PST 3,shrink
450,PRS 6,Hikari
450,PST 4,Tiferet
449,PST 3,Blocked Library
449,PST 4,GOODTEK (Arcaea Edit)
449,PST 2,Moonheart
448,PRS 5,memoryfactory.lzh
448,PST 2,with U
447,PST 2,FURETE-MITAI
447,PST 3,La'qryma of the Wasteland
447,PST 3,Saint or Sinner
447,PST 2,Vivid Theory
446,PRS 5,syūten
445,PST 4,Astral tale
445,PRS 5,HELLOHELL
445,PRS 3,Maze No.9
444,PST 4,Garakuta Doll Play
444,PST 1,Harutopia ~Utopia of Spring~
443,PST 4,Iconoclast
443,PST 3,Luna Rossa
442,PRS 4,First Snow
438,PST 4,corps-sans-organes
438,PRS 6,Lights of Muse
438,PST 2,Linear Accelerator
438,PRS 5,Lumia
437,PRS 6,Life is PIANO
436,PST 3,AI[UE]OON
436,PST 2,Alice à la mode
436,PST 2,enchanted love
433,PST 3,BlazinG AIR
432,PRS 4,Brand new world
431,PST 4,Antagonism
430,PRS 5,CYCLES
430,PST 3,INTERNET OVERDOSE
430,PRS 6,STARGATE EXTREME
430,PST 4,Vicious Heroism
428,PST 2,Cosmica
428,PST 1,Heart
428,PRS 5,MERLIN
427,PST 3,The Formula
425,PST 3,Oracle
425,PST 2,Quon (DJ Noriken)
424,PRS 5,Altale
424,PST 3,Lucifer
423,PST 1,Romance Wars
422,PST 3,A Wandering Melody of Love
422,PST 3,MAHOROBA
421,PST 2,GIMMICK
419,PST 2,Prayer
419,PST 2,Transient Space
419,PST 2,Turbocharger
418,PST 3,Modelista
418,PST 1,Moonlight of Sand Castle
417,PST 3,Dancin' on a Cat's Paw
416,PST 2,Silent Rush
416,PST 4,Yosakura Fubuki
415,PST 3,Can I Friend You on Bassbook? Lol
415,PST 3,trappola bewitching
414,PST 3,cry of viyella
413,PST 3,Flyburg and Endroll
412,PST 2,Anökumene
412,PST 3,Awaken In Ruins
411,PST 2,1F√
410,PRS 7,NULCTRL
407,PST 3,NULCTRL
402,PST 3,Babaroque
400,PST 3,BLRINK
399,PRS 5,Genesis (Iris)
398,PST 3,Life is PIANO
395,PST 2,syūten
394,PRS 5,Moonlight of Sand Castle
393,PST 3,Dialnote
391,PST 2,Dandelion
391,PST 2,Lapis
390,PRS 4,Bullet Waiting for Me (James Landino remix)
390,PST 3,Specta
389,PST 2,CYCLES
388,PST 5,Aleph-0
388,PST 3,Chelsea
387,PST 3,Primeval Texture
385,PST 3,Auxesia
383,PRS 4,Blossoms
383,PST 3,Xeraphinite
380,PST 3,DRG
380,PST 2,Leave All Behind
378,PRS 4,Romance Wars
377,PST 4,Cybernecia Catharsis
375,PST 1,Kanagawa Cyber Culvert
374,PST 4,PUPA
373,PST 2,Rabbit In The Black Room
370,PST 3,On And On!! feat. Jenga
369,PST 2,Vexaria
368,PST 2,〇、
368,PST 2,Suomi
366,PST 2,First Snow
363,PST 2,April showers
363,PST 2,DDD
360,PST 3,7thSense
357,PST 2,Altale
356,PST 2,Flashback
355,PST 3,Coastal Highway
352,PST 2,Cosmo Pop Funclub
350,PST 2,Impure Bird
349,PRS 4,Paradise
348,PST 2,Paper Witch
347,PST 2,REconstruction
345,PST 3,Teriqma
337,PST 4,Party Vinyl
337,PST 4,STARGATE EXTREME
336,PST 1,Fairytale
336,PST 1,Infinity Heaven
333,PST 2,Lights of Muse
327,PST 3,DX Choseinou Full Metal Shojo
326,PRS 4,inkar-usi
325,PST 2,Bullet Waiting for Me (James Landino remix)
322,PST 2,Brand new world
322,PST 3,Got hive of Ra
322,PST 2,Rise
316,PST 3,Fallensquare
315,PST 3,MERLIN
315,PST 3,SOUNDWiTCH
313,PST 2,Eccentric Tale
308,PST 2,memoryfactory.lzh
305,PRS 4,Sayonara Hatsukoi
297,PST 2,Evoltex (poppi'n mix)
297,PST 2,Nirv lucE
276,PST 2,inkar-usi
275,PST 1,Blossoms
275,PST 2,Genesis (Iris)
253,PST 1,Paradise
237,PST 2,Hikari
205,PST 1,Sayonara Hatsukoi
173,PST 1,Tutorial
158,PRS 4,Tutorial
44,PST 1,dropdead
1941,ETR 11,Aether Crest: Astral
1508,FTR 10,Aether Crest: Astral
1147,PRS 8+,Aether Crest: Astral
921,PST 6,Aether Crest: Astral
897,FTR 10,TRPNO
562,PRS 7+,TRPNO
451,PST 4,TRPNO
1162,ETR 9+,Shinchoku Doudesuka?
957,FTR 8+,Shinchoku Doudesuka?
743,PRS 7,Shinchoku Doudesuka?
595,PST 3,Shinchoku Doudesuka?
894,ETR 9+,Black Mirror on the Wall
735,FTR 8,Black Mirror on the Wall
613,PRS 6,Black Mirror on the Wall
471,PST 3,Black Mirror on the Wall
1194,FTR 10,Placebo♥Battler
827,PRS 8,Placebo♥Battler
597,PST 5,Placebo♥Battler
1468,ETR 10+,MEGALOVANIA (Camellia Remix)
1345,FTR 9+,MEGALOVANIA (Camellia Remix)
1161,PRS 8,MEGALOVANIA (Camellia Remix)
946,PST 5,MEGALOVANIA (Camellia Remix)
1202,ETR 10,MEGALOVANIA
1064,FTR 9,MEGALOVANIA
969,PRS 7,MEGALOVANIA
906,PST 4,MEGALOVANIA
911,ETR 9+,Last Goodbye
727,FTR 8,Last Goodbye
605,PRS 6,Last Goodbye
497,PST 2,Last Goodbye
1451,BYD 10,Your Best Nightmare
1086,FTR 8+,Your Best Nightmare
925,PRS 6,Your Best Nightmare
760,PST 3,Your Best Nightmare
912,ETR 9,Death By Glamour
610,FTR 7+,Death By Glamour
470,PRS 5,Death By Glamour
460,PST 2,Death By Glamour
851,ETR 8+,Heartache
803,FTR 7,Heartache
687,PRS 4,Heartache
425,PST 1,Heartache
1074,BYD 10,Altale
971,BYD 9+,Anökumene
1199,FTR 10,Dull Blade
780,PRS 8,Dull Blade
579,PST 4,Dull Blade
1011,BYD 10,ENERGY SYNERGY MATRIX
1474,BYD 10+,Nhelv
1031,BYD 9+,Snow White
1057,FTR 9+,τ (tau)
798,PRS 7+,τ (tau)
553,PST 4,τ (tau)
1004,ETR 10,Don't Die
793,FTR 9,Don't Die
565,PRS 7,Don't Die
460,PST 3,Don't Die
738,FTR 9,End of The Moonlight
434,PRS 5,End of The Moonlight
340,PST 3,End of The Moonlight
753,ETR 9,Ladymade Star
646,FTR 8,Ladymade Star
491,PRS 6,Ladymade Star
394,PST 2,Ladymade Star
1116,ETR 10+,Nightmare
901,FTR 9+,Nightmare
757,PRS 7+,Nightmare
680,PST 4,Nightmare
871,ETR 10,OBLIVION
759,FTR 9,OBLIVION
526,PRS 7,OBLIVION
366,PST 4,OBLIVION
907,ETR 9+,Tic! Tac! Toe!
760,FTR 8+,Tic! Tac! Toe!
505,PRS 7,Tic! Tac! Toe!
353,PST 3,Tic! Tac! Toe!
836,ETR 9+,U.A.D
643,FTR 8+,U.A.D
526,PRS 6,U.A.D
366,PST 3,U.A.D
1015,FTR 9+,Won't Back Down
551,PRS 6,Won't Back Down
437,PST 3,Won't Back Down
1207,ETR 10,BlythE
1000,FTR 9,BlythE
729,PRS 7,BlythE
610,PST 3,BlythE
660,ETR 9,I want You
528,FTR 8,I want You
395,PRS 5,I want You
326,PST 3,I want You
919,FTR 10,Liar
614,PRS 7+,Liar
461,PST 4,Liar
829,ETR 9+,Miles
687,FTR 8,Miles
548,PRS 6,Miles
385,PST 3,Miles
1047,ETR 9,SATISFACTION
890,FTR 8,SATISFACTION
738,PRS 6,SATISFACTION
580,PST 3,SATISFACTION
673,FTR 9,Someday
477,PRS 6,Someday
367,PST 3,Someday
886,FTR 9+,Syriana
516,PRS 7,Syriana
490,PST 4,Syriana
1335,ETR 10+,We're All Gonna Die
1147,FTR 10,We're All Gonna Die
864,PRS 8,We're All Gonna Die
733,PST 5,We're All Gonna Die
790,ETR 8,Dematerialized
722,FTR 7,Dematerialized
659,PRS 4,Dematerialized
469,PST 1,Dematerialized
1162,ETR 10,Dual Dependency
987,FTR 9,Dual Dependency
784,PRS 7+,Dual Dependency
607,PST 4,Dual Dependency
1726,ETR 11,Extradimensional Cosmic Phenomenon
1422,FTR 10,Extradimensional Cosmic Phenomenon
1193,PRS 8+,Extradimensional Cosmic Phenomenon
1011,PST 6,Extradimensional Cosmic Phenomenon
1353,ETR 10+,Lilly
1312,FTR 9+,Lilly
1052,PRS 8,Lilly
865,PST 5,Lilly
1037,FTR 9+,Scarlet Lunar Empress
698,PRS 7,Scarlet Lunar Empress
609,PST 3,Scarlet Lunar Empress
844,ETR 9,See the Lights!
692,FTR 8,See the Lights!
582,PRS 6,See the Lights!
445,PST 3,See the Lights!
